Lk8IZ,U7lphg,Dhq,Xe2wazo,953,5196081203,271ff34a-4541-4735-9359-821a516c959c
lWlRU,WkwZLo,2Zo,AQcNosK,478,4738493356,0087c398-20d8-48d6-af61-1cdac984a9fd
wGOra,DI634y,fXr,HO5ImRC,703,0160081684,7f64b2ef-9a8e-426a-8dd1-2ebaccb996e4
EzFtH,UUpml6,EnH,ak5eIQJ,714,7329062932,dcf28db6-3e3e-49ad-98e3-d383c6a96762
iPAHR,MS03oF,vmB,xfefjSv,996,3910224701,ed2038c1-3a7a-4391-9006-4225f3003d50
dzOgM,nqRF31,5xZ,zN4gOtP,803,0386620000,fb7800d3-180c-4c1f-b88d-7f4b2d1848a6
kKacm,9oLpAE,Kbc,R25CWFr,397,6318637355,ead4ee03-85d5-43fe-aeee-d37504abdf29
kydfa,7asUrL,zPu,xYfwF6J,056,4788665634,ca856733-f88f-4591-8407-9742577b4514
42B9N,UW1lhE,7Mv,4F5DTt0,567,4563602385,a832d459-c6e0-4b9d-a3fa-c99a7a0ab2d9
Ytqkc,wtztY1,wQ4,BBOaurU,905,4771768236,e17daf3d-4d09-4214-a3f7-b072b747828f
RwLbo,3NPOne,mhg,FLK1GYJ,848,6541774835,c2a199b7-f4e1-4218-a8b1-120bc7c0125a
FC2rU,rRnMJH,sM1,5QEKmxh,321,9825164643,64d1ee74-be7c-4a8a-b9d8-c05cf1dbd5ff
cKvM3,8l7LZz,n4I,qpNd3h7,346,5611094177,c05287d5-a42a-47cf-ab82-97ad9a756e2d
wYZjt,Mw3fLE,XZF,DVgp6zc,151,0241022595,575b4cb7-5a5c-45f4-819c-29dc3dac5d57
lZE6e,0G7Kqr,BlG,xZ0HeWk,773,3720937582,c6f09e40-0cb1-40c6-9d6a-c1bd6ddad14c
LwfGw,7w3paM,2dQ,yWKndZQ,812,9683741693,77ed92fe-e92f-4024-b537-9212bc0c7216
cEON1,oigv65,iUz,8dP6npY,794,5973274563,cb97fd51-cc9c-41c9-b26e-0cf5e6604986
LTIib,ITFzQS,JxE,timFdJw,152,2315737473,158f6eab-ea35-4ad8-b6ac-489d0ed280fd
RHVGU,g20Nmg,tpK,kME9K6V,369,5740930394,a831556b-8e87-4ba5-b865-bcd2d6032282
205N5,Mf6NyZ,wQJ,wRM5YVw,429,5618803551,a88712c7-a149-4948-9c8c-a6fd6ff43479
Syh9D,cSFdQX,s3G,cgqOwmg,519,6109518643,eb356206-3d56-4cd8-9cc1-5a4f7be0f6d9
OcPYN,UnQvdt,ZWP,B8CJ6lM,216,9696316592,fbf673b3-dae3-4e22-b2b1-fc2b862d1849
TiccA,51Jpg4,ptJ,F9DAbXa,376,9423020992,c3257e47-608f-4a7b-af18-65f10332dcc4
oUUGy,YPxbHx,NjG,64Xk54E,960,1675578880,b157c1d7-880b-436a-b4d5-49d77def2814
zZ2V6,KQVrVK,SQX,qsLbaD8,088,5092869680,564b2540-0ee8-4e01-8ab9-eba80460cb04
K0auh,ftnJJw,fM9,VqZPA3U,640,8415302010,f6ac6cc7-81c4-4900-923b-ca70f5c3809e
yAYOC,pFKvjK,fB1,WYaSX6o,388,0724548046,1ad3c1b1-2c31-4583-85da-ae94b1de2fce
iAGJS,YtDyWa,1Rg,xvNRU7s,387,2285246488,5a24e615-211d-4149-a3ad-d3601b05aea9
X2bvz,RlTNTj,sPz,8qyBrCX,468,6406408100,4e8dbdd1-7301-4095-9dc5-ba1d65829324
zPjop,fk5oV6,10K,EGpRpsZ,491,2760504478,70633ce4-40dc-42b7-9ac2-39c079d8e5eb
l4chK,FJbvbJ,07y,WaWTR16,887,1163009374,0195044c-1d91-41b5-b8b9-b95c3d2c3160
dE9OE,wSI21K,v0W,5tedYl5,450,8105886714,b4403adc-d820-4924-a195-2c1504a71ad6
89o8B,wjh0z1,oKX,JYPuNE8,577,7794601794,f706dd56-17d5-44b0-929b-10e768283063
1Horu,tnvzIH,Ljj,Z1vEw57,346,5157014733,c17e2bc3-3932-42e2-b935-5c661e75a24e
Tlt9D,tB49KK,oey,LrreOnN,604,3183540991,ef5c8446-0f2e-48ea-9ded-156411bb338c
4hkxH,NFUtkn,1nD,Nds2MVl,615,2184390214,18f9c383-e97a-4ff4-b103-f5f3ef856f79
3jSbH,g6NjKQ,gSr,uOfQHBw,608,2143225680,9743b2b8-cb2f-45c6-813e-173ad35372d3
vAGCu,kk1BC2,ZU4,FjsFKsR,490,7143028733,a4a46164-9627-4aa7-9ae5-c41d78aefaf8
John,qjgTWk,Kxm,j9g6xYZ,761,5977996054,7d168b2b-11f5-46d8-9afb-9ad3c68e83c1
